{"A": 8607.103484368132, "B": -2.075985383356631}